id,name,dpcapacity,xcoord,ycoord
"5",State St & Harrison St,"19",-87.62773949,41.87395806
"13",Wilton Ave & Diversey Pkwy,"19",-87.65268082,41.93250008
"14",Morgan St & 18th St,"15",-87.651073,41.858086
"15",Racine Ave & 19th St,"15",-87.656471,41.856453
"16",Wood St & North Ave,"15",-87.672516,41.910329
"17",Wood St & Division St,"15",-87.67273,41.90332
"19",Loomis St & Taylor St,"15",-87.660996,41.869417
"20",Sheffield Ave & Kingsbury St,"15",-87.65349723,41.90959193
"21",Aberdeen St & Jackson Blvd,"15",-87.65478743,41.87772613
"22",May St & Taylor St,"15",-87.6554864,41.8694821
"23",Orleans St & Elm St,"15",-87.637715,41.902924
"24",Fairbanks Ct & Grand Ave,"15",-87.62062,41.89186
"25",Michigan Ave & Pearson St,"23",-87.62351,41.89766
"26",McClurg Ct & Illinois St,"23",-87.6173,41.89102
"27",Larrabee St & North Ave,"19",-87.6435,41.91021
"28",Larrabee St & Menomonee St,"15",-87.64332,41.91468
"29",Noble St & Milwaukee Ave,"15",-87.6626,41.90068
"30",Ashland Ave & Augusta Blvd,"15",-87.6677,41.899643
"31",Franklin St & Chicago Ave,"23",-87.63563839,41.89680204
"32",Racine Ave & Congress Pkwy,"19",-87.65703,41.87464
"33",State St & Van Buren St,"27",-87.627844,41.877181
"34",Cannon Dr & Fullerton Ave,"15",-87.63442878,41.92675599
"35",Streeter Dr & Illinois St,"35",-87.6122,41.891071
"36",Franklin St & Jackson Blvd,"27",-87.63532114,41.87770796
"37",Dearborn St & Adams St,"19",-87.62979104,41.87935636
"42",Wabash Ave & Cermak Rd,"15",-87.62533709,41.85323876
"43",Michigan Ave & Washington St,"43",-87.62464914,41.88389277
"44",State St & Randolph St,"27",-87.62773357,41.8847302
"45",Michigan Ave & Congress Pkwy,"15",-87.62443336,41.8760656
"46",Wells St & Walton St,"19",-87.63443007,41.89993001
"47",State St & Kinzie St,"15",-87.6277,41.88918
"48",Larrabee St & Kingsbury St,"27",-87.642884,41.897764
"49",Dearborn St & Monroe St,"23",-87.62952092,41.88131982
"50",Clark St & Congress Pkwy,"27",-87.63058454,41.87593267
"51",Clark St & Randolph St,"31",-87.63188991,41.88457623
"52",Michigan Ave & Lake St,"23",-87.624117,41.886024
"53",Wells St & Erie St,"19",-87.634195,41.893832
"54",Ogden Ave & Chicago Ave,"19",-87.65406127,41.89636246
"55",Halsted St & James M Rochford St,"15",-87.646611,41.865861
"56",Desplaines St & Kinzie St,"19",-87.64444785,41.88871604
"57",Clinton St & Roosevelt Rd,"15",-87.64108796,41.86711778
"58",Marshfield Ave & Cortland St,"15",-87.668879,41.916017
"59",Wabash Ave & Roosevelt Rd,"19",-87.625961,41.867227
"60",Dayton St & North Ave,"19",-87.64942193,41.91057803
"61",Wood St & Milwaukee Ave,"15",-87.672552,41.907655
"62",McCormick Place,"15",-87.61883465,41.85137517
"66",Clinton St & Lake St,"19",-87.64138231,41.88583274
"67",Sheffield Ave & Fullerton Ave,"15",-87.65370804,41.92560188
"68",Clinton St & Tilden St,"23",-87.640795,41.875885
"69",Damen Ave & Pierce Ave,"19",-87.67769193,41.90939601
"71",Morgan St & Lake St,"15",-87.65230486,41.88548331
"72",State St & 16th St,"15",-87.62772919,41.86012138
"73",Jefferson St & Monroe St,"19",-87.642746,41.880422
"74",Kingsbury St & Erie St,"23",-87.64185116,41.89384315
"75",Canal St & Jackson Blvd,"35",-87.640001,41.878149
"76",Lake Shore Dr & Monroe St,"11",-87.616743,41.880958
"77",Clinton St & Madison St,"23",-87.64127743,41.8815824
"80",Aberdeen St & Madison St,"19",-87.654752,41.881487
"81",Daley Center Plaza,"47",-87.629892,41.884451
"84",Union Ave & Grand Ave,"19",-87.645925,41.891
"85",Michigan Ave & Oak St,"15",-87.62377664,41.90096039
"86",Eckhart Park,"15",-87.66098386,41.89637337
"87",Racine Ave & Fullerton Ave,"19",-87.65840426,41.92556258
"88",May St & Randolph St,"15",-87.655688,41.88397
"90",Millennium Park,"35",-87.62408432,41.8810317
"91",Clinton St & Washington Blvd,"31",-87.64117,41.88338
"92",Carpenter St & Huron St,"19",-87.653449,41.894556
"93",Sheffield Ave & Willow St,"15",-87.652855,41.913688
"94",Clark St & Armitage Ave,"19",-87.636282,41.918306
"97",Museum Campus,"19",-87.617759,41.865212
"98",LaSalle St & Washington St,"15",-87.63253,41.882664
"99",Lake Shore Dr & Ohio St,"19",-87.614492,41.89257
"100",Orleans St & Merchandise Mart Plaza,"23",-87.63639,41.888243
"106",State St & Pearson St,"27",-87.628722,41.897448
"108",Halsted St & Polk St,"19",-87.64664,41.87184
"109",900 W Harrison,"19",-87.650019,41.874675
"110",State St & Erie St,"23",-87.628623,41.893975
"111",Sedgwick St & Huron St,"19",-87.638437,41.894666
"112",Green St & Randolph St,"15",-87.648684,41.884078
"113",Bissell St & Armitage Ave,"15",-87.65222,41.91844
"114",Sheffield Ave & Addison St,"27",-87.65445,41.94688
"115",Sheffield Ave & Wellington Ave,"23",-87.653566,41.936253
"116",Western Ave & Winnebago Ave,"15",-87.687051,41.915533
"117",Wilton Ave & Belmont Ave,"23",-87.65304,41.94018
"118",Sedgwick St & North Ave,"19",-87.638618,41.910579
"119",Ashland Ave & Lake St,"19",-87.66732,41.88541
"120",Wentworth Ave & Archer Ave,"15",-87.631937,41.854564
"121",Blackstone Ave & Hyde Park Blvd,"15",-87.590368,41.802562
"122",Ogden Ave & Congress Pkwy,"15",-87.67328,41.87501
"123",California Ave & Milwaukee Ave,"15",-87.697153,41.922695
"124",Damen Ave & Cullerton St,"15",-87.675726,41.855048
"126",Clark St & North Ave,"15",-87.631942,41.911974
"127",Lincoln Ave & Fullerton Ave,"15",-87.64926,41.925905
"128",Damen Ave & Chicago Ave,"15",-87.67722,41.895769
"129",Blue Island Ave & 18th St,"15",-87.661535,41.857556
"130",Damen Ave & Division St,"15",-87.67695,41.90331
"131",Lincoln Ave & Belmont Ave,"15",-87.668385,41.939365
"132",Wentworth Ave & 24th St,"15",-87.631715,41.849237
"134",Peoria St & Jackson Blvd,"19",-87.649633,41.877749
"135",Halsted St & 21st St,"11",-87.64665,41.85378
"136",Racine Ave & 13th St,"15",-87.656959,41.865054
"137",Morgan Ave & 14th Pl,"15",-87.651062,41.862378
"138",Clybourn Ave & Division St,"15",-87.6405,41.904509
"140",Dearborn Pkwy & Delaware Pl,"19",-87.629928,41.899007
"141",Clark St & Lincoln Ave,"19",-87.6346,41.915689
"143",Sedgwick St & Webster Ave,"15",-87.638888,41.922167
"144",Larrabee St & Webster Ave,"15",-87.64401,41.92175
"146",Loomis St & Jackson Blvd,"11",-87.662007,41.877945
"147",Indiana Ave & 26th St,"15",-87.62248,41.8457
"148",State St & 33rd St,"11",-87.625813,41.834734
"149",Calumet Ave & 33rd St,"11",-87.61793,41.8349
"150",Fort Dearborn Dr & 31st St,"11",-87.608218,41.838556
"152",Lincoln Ave & Diversey Pkwy,"15",-87.658617,41.932225
"153",Southport Ave & Wellington Ave,"19",-87.663576,41.935733
"154",Southport Ave & Belmont Ave,"15",-87.66378,41.93949
"156",Clark St & Wellington Ave,"15",-87.64753866,41.93649682
"157",Lake Shore Dr & Wellington Ave,"15",-87.636794,41.936669
"158",Milwaukee Ave & Wabansia Ave,"15",-87.681391,41.912616
"159",Claremont Ave & Hirsch St,"11",-87.685854,41.907781
"160",Campbell Ave & North Ave,"15",-87.689556,41.910535
"162",Damen Ave & Wellington Ave,"15",-87.67842,41.93588
"163",Damen Ave & Clybourn Ave,"15",-87.677856,41.931931
"164",Franklin St & Lake St,"23",-87.6355,41.885837
"165",Clark St & Grace St,"19",-87.659172,41.95078
"166",Ashland Ave & Wrightwood Ave,"15",-87.668507,41.92883
"167",Damen Ave & Coulter St,"11",-87.67564,41.8492
"168",Michigan Ave & 14th St,"19",-87.623727,41.864059
"169",Canal St & Harrison St,"15",-87.639566,41.874337
"170",Clinton St & 18th St,"15",-87.640826,41.85795
"171",May St & Cullerton St,"11",-87.654127,41.855136
"173",Mies van der Rohe Way & Chicago Ave,"15",-87.621743,41.89691
"174",Canal St & Madison St,"23",-87.639833,41.882091
"175",Wells St & Polk St,"19",-87.633523,41.872373
"176",Clark St & Elm St,"19",-87.631253,41.903233
"177",Theater on the Lake,"15",-87.630834,41.926277
"178",State St & 19th St,"15",-87.627542,41.856594
"179",MLK Jr Dr & Oakwood Blvd,"15",-87.61615,41.82256
"181",LaSalle St & Illinois St,"19",-87.63206,41.890749
"183",Damen Ave & Augusta Blvd,"15",-87.677234,41.899714
"184",State St & 35th St,"19",-87.62688,41.83104
"185",Stave St & Armitage Ave,"11",-87.691392,41.917741
"186",Ogden Ave & Race Ave,"15",-87.658751,41.891795
"188",Greenview Ave & Fullerton Ave,"15",-87.6658,41.92533
"190",Southport Ave & Wrightwood Ave,"15",-87.66317,41.92888
"191",Canal St & Monroe St,"23",-87.63947,41.8807
"192",Canal St & Adams St,"27",-87.639904,41.879255
"193",State St & 29th St,"15",-87.626938,41.841707
"194",Wabash Ave & Wacker Pl,"11",-87.62603,41.886875
"195",Columbus Dr & Randolph St,"23",-87.619521,41.884728
"196",Cityfront Plaza Dr & Pioneer Ct,"19",-87.622105,41.890252
"197",Michigan Ave & Madison St,"19",-87.625125,41.882134
"198",Halsted St & Madison St,"19",-87.6478,41.88175
"199",Wabash Ave & Grand Ave,"15",-87.626937,41.891738
"200",MLK Jr Dr & 47th St,"11",-87.616279,41.809851
"201",Indiana Ave & 40th St,"15",-87.6216,41.82168
"202",Halsted St & 18th St,"15",-87.646277,41.857499
"203",Western Ave & 21st St,"15",-87.685243,41.85394
"204",Prairie Ave & Garfield Blvd,"15",-87.618691,41.794853
"205",Paulina St & 18th St,"15",-87.668745,41.857901
"206",Halsted St & Archer Ave,"15",-87.646795,41.847203
"207",Emerald Ave & 28th St,"15",-87.645368,41.84358
"208",Ashland Ave & 21st St,"15",-87.665897,41.85381
"209",Normal Ave & Archer Ave,"11",-87.640591,41.849527
"210",Ashland Ave & Division St,"19",-87.667747,41.90345
"211",St Clair St & Erie St,"19",-87.622663,41.894448
"212",Wells St & Hubbard St,"19",-87.634262,41.889933
"213",Leavitt St & North Ave,"11",-87.68229,41.910153
"214",Damen Ave & Grand Ave,"15",-87.67686,41.89122
"215",Damen Ave & Madison St,"15",-87.67493,41.88137
"216",California Ave & Division St,"15",-87.697474,41.903029
"217",May St & Fulton St,"15",-87.656001,41.886773
"218",Wells St & 19th St,"11",-87.633879,41.856802
"219",Damen Ave & Cortland St,"11",-87.677411,41.916027
"220",Hampden Ct & Diversey Pkwy,"19",-87.642385,41.93262
"222",Milwaukee Ave & Rockwell St,"19",-87.693033,41.920195
"223",Clifton Ave & Armitage Ave,"15",-87.656936,41.918216
"224",Halsted St & Willow St,"19",-87.64884,41.913778
"225",Halsted St & Dickens Ave,"15",-87.64883,41.919936
"226",Racine Ave & Belmont Ave,"15",-87.658865,41.939743
"227",Southport Ave & Waveland Ave,"15",-87.66394,41.94815
"228",Damen Ave & Melrose Ave,"11",-87.6785,41.9406
"229",Southport Ave & Roscoe St,"19",-87.66402,41.943739
"230",Lincoln Ave & Roscoe St,"19",-87.67097,41.94334
"231",Sheridan Rd & Montrose Ave,"15",-87.65464,41.96167
"232",Pine Grove Ave & Waveland Ave,"15",-87.646303,41.949275
"233",Sangamon St & Washington Blvd,"15",-87.651148,41.883004
"234",Clark St & Montrose Ave,"19",-87.666036,41.961588
"236",Sedgwick St & Schiller St,"15",-87.638517,41.907576
"237",MLK Jr Dr & 29th St,"15",-87.617,41.842052
"238",Ravenswood Ave & Montrose Ave,"15",-87.674365,41.961615
"239",Western Ave & Leland Ave,"15",-87.688487,41.966555
"240",Sheridan Rd & Irving Park Rd,"11",-87.654406,41.954245
"241",Morgan St & Polk St,"15",-87.65103,41.871737
"242",Damen Ave & Leland Ave,"15",-87.679028,41.967094
"243",Lincoln Ave & Leavitt St,"15",-87.684146,41.962391
"244",Ravenswood Ave & Irving Park Rd,"19",-87.67393,41.95469
"245",Clarendon Ave & Junior Ter,"15",-87.649603,41.961004
"246",Ashland Ave & Belle Plaine Ave,"11",-87.668869,41.956061
"247",Shore Drive & 55th St,"15",-87.580715,41.795212
"248",Woodlawn Ave & 55th St,"15",-87.596471,41.795264
"249",Montrose Harbor,"15",-87.638181,41.963982
"250",Ashland Ave & Wellington Ave,"19",-87.669807,41.936083
"251",Clarendon Ave & Leland Ave,"15",-87.650001,41.967968
"252",Greenwood Ave & 47th St,"15",-87.599383,41.809835
"253",Clifton Ave & Lawrence Ave,"15",-87.658857,41.968873
"254",Pine Grove Ave & Irving Park Rd,"15",-87.648043,41.954383
"255",Indiana Ave & Roosevelt Rd,"19",-87.623041,41.867888
"256",Broadway & Sheridan Rd,"15",-87.649993,41.952833
"257",Lincoln Ave & Waveland Ave,"15",-87.675112,41.94911
"258",Logan Blvd & Elston Ave,"19",-87.685126,41.930584
"259",California Ave & Francis Pl,"15",-87.69723,41.91855
"260",Kedzie Ave & Milwaukee Ave,"19",-87.707857,41.929567
"261",Hermitage Ave & Polk St,"15",-87.669886,41.871514
"262",Halsted St & 37th St,"11",-87.645801,41.827071
"263",Rhodes Ave & 32nd St,"11",-87.613533,41.836208
"264",Stetson Ave & South Water St,"19",-87.62232,41.886835
"265",Cottage Grove Ave & Oakwood Blvd,"15",-87.6071,41.822985
"267",Lake Park Ave & 47th St,"15",-87.591875,41.809443
"268",Lake Shore Dr & North Blvd,"15",-87.626804,41.911722
"271",Cottage Grove Ave & 43rd St,"11",-87.606582,41.816499
"272",Indiana Ave & 31st St,"11",-87.621857,41.838842
"273",Michigan Ave & 18th St,"15",-87.623633,41.857937
"274",Racine Ave & 15th St,"15",-87.656625,41.861267
"275",Ashland Ave & 13th St,"15",-87.666507,41.865234
"276",California Ave & North Ave,"11",-87.6972,41.91044
"277",Ashland Ave & Grand Ave,"15",-87.666611,41.891072
"278",Wallace Ave & 35th St,"15",-87.64129,41.830629
"279",Halsted St & 35th St,"15",-87.647172,41.830661
"280",Morgan St & 31st St,"11",-87.65114,41.8378
"281",Western Ave & 24th St,"15",-87.685109,41.84847
"282",Halsted St & Maxwell St,"15",-87.64693,41.86458
"283",LaSalle St & Jackson Blvd,"23",-87.631985,41.87817
"284",Michigan Ave & Jackson Blvd,"23",-87.62408,41.87785
"285",Wood St & Grand Ave,"15",-87.67203,41.89113
"286",Franklin St & Quincy St,"15",-87.634793,41.878724
"287",Franklin St & Arcade Pl,"23",-87.635177,41.881469
"288",Larrabee St & Armitage Ave,"11",-87.64368,41.91797
"289",Wells St & Concord Ln,"19",-87.634664,41.912202
"290",Kedzie Ave & Palmer Ct,"15",-87.707322,41.921525
"291",Wells St & Evergreen Ave,"19",-87.63483,41.906724
"292",Southport Ave & Clark St,"11",-87.664199,41.957081
"293",Broadway & Wilson Ave,"19",-87.657238,41.965485
"294",Broadway & Berwyn Ave,"15",-87.659753,41.978353
"295",Broadway & Argyle St,"15",-87.659637,41.972972
"296",Broadway & Belmont Ave,"15",-87.645451,41.940106
"297",Paulina St & Montrose Ave,"15",-87.671387,41.961507
"298",Lincoln Ave & Belle Plaine Ave,"15",-87.679259,41.955927
"299",Halsted St & Roscoe St,"15",-87.64895,41.94367
"300",Broadway & Barry Ave,"15",-87.644095,41.937725
"301",Clark St & Schiller St,"19",-87.631501,41.907993
"302",Sheffield Ave & Wrightwood Ave,"19",-87.653833,41.928712
"303",Broadway & Cornelia Ave,"15",-87.64598,41.945512
"304",Halsted St & Waveland Ave,"15",-87.649626,41.949375
"305",Western Ave & Division St,"15",-87.687275,41.902893
"306",Sheridan Rd & Buena Ave,"15",-87.65423,41.9584
"307",Southport Ave & Clybourn Ave,"15",-87.663095,41.920445
"308",Seeley Ave & Roscoe St,"11",-87.679618,41.943403
"309",Leavitt St & Armitage Ave,"11",-87.682437,41.917805
"310",Damen Ave & Charleston St,"11",-87.677855,41.920082
"311",Leavitt St & Lawrence Ave,"15",-87.684001,41.968885
"312",Clarendon Ave & Gordon Ter,"15",-87.649519,41.957879
"313",Lakeview Ave & Fullerton Pkwy,"19",-87.638973,41.925858
"314",Ravenswood Ave & Berteau Ave,"15",-87.673567,41.957921
"315",Leavitt St & Hirsch St,"11",-87.682779,41.906717
"316",Damen Ave & Sunnyside Ave,"19",-87.679258,41.96325
"317",Wood St & Taylor St,"15",-87.671045,41.869154
"318",Southport Ave & Irving Park Rd,"15",-87.664358,41.954177
"319",Greenview Ave & Diversey Pkwy,"15",-87.665939,41.932595
"320",Loomis St & Lexington St,"15",-87.661501,41.872187
"321",Wabash Ave & 8th St,"19",-87.626106,41.871962
"322",Kimbark Ave & 53rd St,"15",-87.594747,41.799568
"323",Sheridan Rd & Lawrence Ave,"15",-87.654691,41.969517
"324",Stockton Dr & Wrightwood Ave,"15",-87.638742,41.93132
"325",Clark St & Winnemac Ave,"15",-87.668365,41.973385
"326",Clark St & Leland Ave,"11",-87.667429,41.967096
"327",Sheffield Ave & Webster Ave,"19",-87.653714,41.921687
"328",Ellis Ave & 58th St,"15",-87.601334,41.788746
"329",Lake Shore Dr & Diversey Pkwy,"15",-87.63625,41.932684
"330",Lincoln Ave & Addison St,"19",-87.673308,41.946176
"331",Halsted St & Blackhawk St,"19",-87.648568,41.90854
"332",Halsted St & Diversey Pkwy,"15",-87.648747,41.933341
"333",Ashland Ave & Blackhawk St,"15",-87.667252,41.907066
"334",Lake Shore Dr & Belmont Ave,"19",-87.639192,41.940775
"335",Calumet Ave & 35th St,"15",-87.618034,41.831379
"336",Cottage Grove Ave & 47th St,"15",-87.606755,41.809855
"337",Clark St & Chicago Ave,"19",-87.630931,41.896544
"338",Calumet Ave & 18th St,"15",-87.619407,41.857611
"339",Emerald Ave & 31st St,"11",-87.645143,41.838198
"340",Clark St & Wrightwood Ave,"15",-87.643118,41.929546
"341",Adler Planetarium,"19",-87.607267,41.866095
"342",Wolcott Ave & Polk St,"15",-87.673688,41.871262
"343",Racine Ave & Wrightwood Ave,"15",-87.658971,41.928887
"344",Ravenswood Ave & Lawrence Ave,"15",-87.674237,41.96909
"345",Lake Park Ave & 56th St,"15",-87.587782,41.793242
"346",Ada St & Washington Blvd,"15",-87.661206,41.88283
"347",Ashland Ave & Grace St,"15",-87.6687,41.950687
"348",California Ave & 21st St,"15",-87.695445,41.854016
"349",Halsted St & Wrightwood Ave,"15",-87.649077,41.929143
"350",Ashland Ave & Chicago Ave,"15",-87.667747,41.895966
"351",Cottage Grove Ave & 51st St,"15",-87.606615,41.803038
